open,high,low,close,volume,vwap,timestamp,transactions,otc
182.16,184.26,180.934,183.63,65603041.0,182.8825,2024-01-16 05:00:00,767284,
181.27,182.93,180.3,182.68,47317433.0,181.9201,2024-01-17 05:00:00,594632,
186.09,189.14,185.83,188.63,78005754.0,187.9375,2024-01-18 05:00:00,787235,
189.33,191.95,188.82,191.56,68902985.0,190.6151,2024-01-19 05:00:00,682664,
192.3,195.33,192.26,193.89,60133852.0,193.9891,2024-01-22 05:00:00,718108,
195.02,195.75,193.8299,195.18,42355590.0,194.8203,2024-01-23 05:00:00,533093,
195.42,196.38,194.34,194.5,53631316.0,195.2063,2024-01-24 05:00:00,594714,
195.22,196.2675,193.1125,194.17,54822126.0,194.7337,2024-01-25 05:00:00,644526,
194.27,194.76,191.94,192.42,44594011.0,193.1206,2024-01-26 05:00:00,534166,
192.01,192.2,189.58,191.73,47145622.0,191.2954,2024-01-29 05:00:00,599513,
190.94,191.8,187.47,188.04,55859370.0,188.7925,2024-01-30 05:00:00,690707,
187.04,187.095,184.35,184.4,55467803.0,185.3525,2024-01-31 05:00:00,679844,
183.985,186.95,183.82,186.86,64885408.0,185.5688,2024-02-01 05:00:00,820977,
179.86,187.33,179.25,185.85,102551680.0,184.7435,2024-02-02 05:00:00,1108466,
188.15,189.25,185.84,187.68,69668820.0,187.6826,2024-02-05 05:00:00,804749,
186.86,189.31,186.7695,189.3,43490759.0,188.4788,2024-02-06 05:00:00,530825,
190.64,191.05,188.61,189.41,53438955.0,189.3803,2024-02-07 05:00:00,596088,
189.385,189.535,187.35,188.32,40962046.0,188.3032,2024-02-08 05:00:00,521464,
188.65,189.99,188.0,188.85,45155216.0,189.0056,2024-02-09 05:00:00,544714,
188.415,188.67,186.79,187.15,41781934.0,187.5914,2024-02-12 05:00:00,585515,
185.77,186.21,183.5128,185.04,56529529.0,185.0421,2024-02-13 05:00:00,644015,
185.32,185.53,182.44,184.15,54630517.0,183.6206,2024-02-14 05:00:00,679073,
183.55,184.49,181.35,183.86,65434496.0,182.8487,2024-02-15 05:00:00,756083,
183.42,184.85,181.665,182.31,49752465.0,182.7317,2024-02-16 05:00:00,611770,
181.79,182.43,180.0,181.56,53665553.0,181.1,2024-02-20 05:00:00,712338,
181.94,182.8888,180.66,182.32,41529674.0,181.9945,2024-02-21 05:00:00,522493,
183.48,184.955,182.46,184.37,52292208.0,183.8373,2024-02-22 05:00:00,613893,
185.01,185.04,182.23,182.52,45119677.0,182.9877,2024-02-23 05:00:00,549251,
182.24,182.76,180.65,181.16,40867421.0,181.3213,2024-02-26 05:00:00,615639,
181.1,183.9225,179.56,182.63,54318851.0,181.8192,2024-02-27 05:00:00,669751,
182.51,183.12,180.13,181.42,48953939.0,181.1915,2024-02-28 05:00:00,596443,
181.27,182.57,179.53,180.75,136682597.0,180.6781,2024-02-29 05:00:00,813073,
179.55,180.53,177.38,179.66,73563082.0,179.033,2024-03-01 05:00:00,911079,
176.15,176.9,173.79,175.1,81510101.0,174.8938,2024-03-04 05:00:00,1167167,
170.76,172.04,169.62,170.12,95132355.0,170.3234,2024-03-05 05:00:00,1108821,
171.06,171.24,168.68,169.12,68587707.0,169.5507,2024-03-06 05:00:00,896300,
169.15,170.73,168.49,169.0,71765061.0,169.3619,2024-03-07 05:00:00,825406,
169.0,173.7,168.94,170.73,76267041.0,171.5322,2024-03-08 05:00:00,925213,
172.94,174.38,172.05,172.75,60139473.0,172.9273,2024-03-11 04:00:00,793618,
173.15,174.03,171.01,173.23,59825372.0,172.8727,2024-03-12 04:00:00,735067,
172.77,173.185,170.76,171.13,52488692.0,171.3457,2024-03-13 04:00:00,647120,
172.91,174.3078,172.05,173.0,72913507.0,173.0899,2024-03-14 04:00:00,806014,
171.17,172.62,170.285,172.62,121752699.0,171.8002,2024-03-15 04:00:00,771387,
175.57,177.71,173.52,173.72,75604184.0,175.4587,2024-03-18 04:00:00,866388,
174.34,176.605,173.03,176.08,55215244.0,175.4779,2024-03-19 04:00:00,636058,
175.72,178.67,175.09,178.67,53423102.0,177.2239,2024-03-20 04:00:00,641653,
177.05,177.49,170.84,171.37,106181270.0,172.7231,2024-03-21 04:00:00,1224985,
171.76,173.05,170.06,172.28,71160138.0,172.0462,2024-03-22 04:00:00,736379,
170.565,171.94,169.45,170.85,54288328.0,170.7132,2024-03-25 04:00:00,727686,
170.0,171.42,169.58,169.71,57388449.0,170.323,2024-03-26 04:00:00,684303,
170.41,173.6,170.11,173.31,60273265.0,172.5879,2024-03-27 04:00:00,670630,
171.75,172.23,170.51,171.48,65672690.0,171.3943,2024-03-28 04:00:00,648027,
171.19,171.25,169.475,170.03,46240500.0,170.0696,2024-04-01 04:00:00,676830,
169.08,169.34,168.2302,168.84,49329481.0,168.8968,2024-04-02 04:00:00,608917,
168.79,170.68,168.58,169.65,47691715.0,169.8623,2024-04-03 04:00:00,571286,
170.29,171.92,168.82,168.82,53704386.0,170.1026,2024-04-04 04:00:00,630785,
169.59,170.39,168.95,169.58,42104826.0,169.6415,2024-04-05 04:00:00,540854,
169.03,169.2,168.24,168.45,37425513.0,168.6637,2024-04-08 04:00:00,549987,
168.7,170.08,168.35,169.67,42451209.0,169.1566,2024-04-09 04:00:00,541699,
168.8,169.09,167.11,167.78,49709336.0,167.9913,2024-04-10 04:00:00,647589,
168.34,175.46,168.16,175.04,91070275.0,172.6959,2024-04-11 04:00:00,828410,
174.26,178.36,174.21,176.55,101670886.0,176.3417,2024-04-12 04:00:00,960232,
175.36,176.63,172.5,172.69,73531773.0,174.1333,2024-04-15 04:00:00,846772,
171.75,173.76,168.27,169.38,73711235.0,170.0502,2024-04-16 04:00:00,834299,
169.61,170.65,168.0,168.0,50901210.0,168.982,2024-04-17 04:00:00,599005,
168.03,168.64,166.55,167.04,43122903.0,167.3948,2024-04-18 04:00:00,553241,
166.21,166.4,164.075,165.0,68149377.0,165.1473,2024-04-19 04:00:00,754775,
165.515,167.26,164.77,165.84,48116443.0,165.9649,2024-04-22 04:00:00,610370,
165.35,167.05,164.92,166.9,49537761.0,166.5257,2024-04-23 04:00:00,554942,
166.54,169.3,166.21,169.02,48251835.0,168.4404,2024-04-24 04:00:00,584990,
169.525,170.61,168.1511,169.89,50558329.0,169.4461,2024-04-25 04:00:00,608882,
169.88,171.34,169.18,169.3,44838354.0,169.9936,2024-04-26 04:00:00,563912,
173.37,176.03,173.1,173.5,68169419.0,174.3663,2024-04-29 04:00:00,808216,
173.33,174.99,170.0,170.33,65934776.0,172.1442,2024-04-30 04:00:00,647477,
169.58,172.705,169.11,169.3,50383147.0,170.7269,2024-05-01 04:00:00,648630,
172.51,173.415,170.89,173.03,94214915.0,174.524,2024-05-02 04:00:00,944120,
186.645,187.0,182.66,183.38,163224109.0,184.3674,2024-05-03 04:00:00,1468505,
182.354,184.2,180.42,181.71,78569667.0,181.8679,2024-05-06 04:00:00,898764,
183.45,184.9,181.32,182.4,77305771.0,182.7742,2024-05-07 04:00:00,747519,
182.85,183.07,181.45,182.74,45057087.0,182.4822,2024-05-08 04:00:00,518609,
182.56,184.66,182.11,184.57,48982972.0,184.0047,2024-05-09 04:00:00,551005,
184.9,185.09,182.13,183.05,50759496.0,183.0973,2024-05-10 04:00:00,558780,
185.435,187.1,184.62,186.28,72044809.0,186.204,2024-05-13 04:00:00,726520,
187.51,188.3,186.29,187.43,52393619.0,187.1924,2024-05-14 04:00:00,559493,
187.91,190.65,187.37,189.72,70399988.0,189.6539,2024-05-15 04:00:00,727615,
190.47,191.095,189.6601,189.84,52845230.0,190.1061,2024-05-16 04:00:00,566951,
189.51,190.81,189.18,189.87,41282925.0,189.9231,2024-05-17 04:00:00,478193,
189.325,191.9199,189.01,191.04,44361275.0,191.0826,2024-05-20 04:00:00,566908,
191.09,192.73,190.9201,192.35,42309401.0,192.2542,2024-05-21 04:00:00,502788,
192.265,192.8231,190.27,190.9,34648547.0,191.4301,2024-05-22 04:00:00,452377,
190.98,191.0,186.625,186.88,51005924.0,188.1932,2024-05-23 04:00:00,574010,
188.82,190.58,188.0404,189.98,36326975.0,189.7193,2024-05-24 04:00:00,492870,
191.51,193.0,189.1,189.99,52280051.0,190.8169,2024-05-28 04:00:00,702191,
189.61,192.247,189.51,190.29,53068016.0,191.1133,2024-05-29 04:00:00,603502,
190.76,192.18,190.63,191.29,49947941.0,191.4032,2024-05-30 04:00:00,568984,
191.44,192.57,189.91,192.25,75158277.0,191.6187,2024-05-31 04:00:00,618230,
192.9,194.99,192.52,194.03,50080539.0,193.7891,2024-06-03 04:00:00,700957,
194.635,195.32,193.0342,194.35,47471445.0,194.3014,2024-06-04 04:00:00,575318,
195.4,196.9,194.87,195.87,54156785.0,195.8699,2024-06-05 04:00:00,648283,
195.685,196.5,194.17,194.48,41181753.0,195.3149,2024-06-06 04:00:00,550123,
194.65,196.94,194.14,196.89,53103912.0,195.9042,2024-06-07 04:00:00,505960,
196.9,197.3,192.15,193.12,97262077.0,194.4151,2024-06-10 04:00:00,1115274,
193.65,207.16,193.63,207.15,172373296.0,203.2102,2024-06-11 04:00:00,1601778,
207.37,220.2,206.9,213.07,198134293.0,215.2618,2024-06-12 04:00:00,1861010,
214.74,216.75,211.6,214.24,97862729.0,214.0158,2024-06-13 04:00:00,1032970,
213.85,215.17,211.3,212.49,70122748.0,212.7597,2024-06-14 04:00:00,793746,
213.37,218.95,212.72,216.67,93728300.0,216.4107,2024-06-17 04:00:00,1034963,
217.59,218.63,213.0,214.29,79943254.0,214.7342,2024-06-18 04:00:00,919960,
213.93,214.24,208.85,209.68,86172451.0,210.6226,2024-06-20 04:00:00,1005362,
210.39,211.89,207.11,207.49,246421353.0,208.4264,2024-06-21 04:00:00,881938,
207.72,212.7,206.59,208.14,80727006.0,209.3296,2024-06-24 04:00:00,916152,
209.15,211.38,208.61,209.07,56713868.0,209.6848,2024-06-25 04:00:00,621196,
211.5,214.86,210.64,213.25,66213186.0,213.1448,2024-06-26 04:00:00,769103,
214.69,215.7395,212.35,214.1,49772707.0,213.9138,2024-06-27 04:00:00,644397,
215.77,216.07,210.3,210.62,82542718.0,212.5585,2024-06-28 04:00:00,729912,
212.09,217.51,211.92,216.75,60402929.0,215.5066,2024-07-01 04:00:00,784845,
216.15,220.38,215.1,220.27,58046178.0,219.2005,2024-07-02 04:00:00,689998,
220.0,221.55,219.03,221.55,37369801.0,220.6588,2024-07-03 04:00:00,566784,
221.65,226.45,221.65,226.34,60412408.0,224.9683,2024-07-05 04:00:00,767414,
227.09,227.85,223.25,227.82,59085861.0,226.3635,2024-07-08 04:00:00,790096,
227.93,229.4,226.3721,228.68,48169822.0,228.2165,2024-07-09 04:00:00,651068,
229.3,233.08,229.25,232.98,62627687.0,231.6614,2024-07-10 04:00:00,782526,
231.39,232.39,225.77,227.57,64710617.0,228.4613,2024-07-11 04:00:00,889309,
228.92,232.64,228.68,230.54,53046527.0,230.9577,2024-07-12 04:00:00,706283,
236.48,237.23,233.09,234.4,62631252.0,234.9027,2024-07-15 04:00:00,822676,
235.0,236.27,232.33,234.82,43234278.0,234.3218,2024-07-16 04:00:00,623963,
229.45,231.4599,226.64,228.88,57345884.0,228.8407,2024-07-17 04:00:00,811104,
230.28,230.44,222.27,224.18,66034585.0,225.1554,2024-07-18 04:00:00,844626,
224.82,226.8,223.275,224.31,49151453.0,224.7259,2024-07-19 04:00:00,612830,
227.01,227.78,223.09,223.96,48201835.0,224.9473,2024-07-22 04:00:00,704897,
224.365,226.94,222.68,225.01,39960260.0,225.0215,2024-07-23 04:00:00,551688,
224.0,224.8,217.13,218.54,61777576.0,219.0689,2024-07-24 04:00:00,816144,
218.93,220.85,214.62,217.49,51391199.0,218.1084,2024-07-25 04:00:00,737642,
218.7,219.49,216.01,217.96,41601345.0,217.9018,2024-07-26 04:00:00,608589,
216.96,219.3,215.75,218.24,36311778.0,218.1359,2024-07-29 04:00:00,604724,
219.19,220.325,216.12,218.8,41643840.0,218.4072,2024-07-30 04:00:00,584355,
221.44,223.82,220.63,222.08,50036262.0,222.3356,2024-07-31 04:00:00,668901,
224.37,224.48,217.02,218.36,62500996.0,219.453,2024-08-01 04:00:00,876129,
219.15,225.6,217.71,219.86,105568560.0,221.8938,2024-08-02 04:00:00,1132553,
199.09,213.5,196.0,209.27,119548589.0,207.8017,2024-08-05 04:00:00,1661550,
205.3,209.99,201.07,207.23,69660488.0,206.7399,2024-08-06 04:00:00,921953,
206.9,213.64,206.39,209.82,63516417.0,210.6883,2024-08-07 04:00:00,741724,
213.11,214.2,208.83,213.31,47161149.0,212.6205,2024-08-08 04:00:00,628773,
212.1,216.78,211.97,216.24,42201646.0,215.1999,2024-08-09 04:00:00,589469,
216.07,219.5099,215.6,217.53,38028092.0,217.5465,2024-08-12 04:00:00,602530,
219.01,221.89,219.01,221.27,44155331.0,220.8758,2024-08-13 04:00:00,553265,
220.57,223.03,219.7,221.72,41960574.0,221.5108,2024-08-14 04:00:00,568519,
224.6,225.35,222.76,224.72,46414013.0,224.5503,2024-08-15 04:00:00,590575,
223.92,226.8271,223.6501,226.05,44340240.0,225.4306,2024-08-16 04:00:00,562638,
225.72,225.99,223.04,225.89,40687813.0,224.8579,2024-08-19 04:00:00,606363,
225.77,227.17,225.45,226.51,30299033.0,226.5299,2024-08-20 04:00:00,498797,
226.52,227.98,225.05,226.4,34765480.0,226.4461,2024-08-21 04:00:00,506656,
227.79,228.34,223.9,224.53,43695321.0,225.4779,2024-08-22 04:00:00,586190,
225.6589,228.22,224.33,226.84,38677250.0,226.5807,2024-08-23 04:00:00,555154,
226.76,227.28,223.8905,227.18,30602208.0,226.0635,2024-08-26 04:00:00,565404,
225.995,228.85,224.89,228.03,35934559.0,227.7927,2024-08-27 04:00:00,491852,
227.92,229.86,225.68,226.49,38052167.0,227.418,2024-08-28 04:00:00,563160,
230.1,232.92,228.88,229.79,51906297.0,230.9934,2024-08-29 04:00:00,723145,
230.19,230.4,227.48,229.0,52990770.0,228.9147,2024-08-30 04:00:00,594158,
228.55,229.0,221.17,222.77,50190574.0,223.7969,2024-09-03 04:00:00,813604,
221.66,221.78,217.48,220.85,43840196.0,219.9662,2024-09-04 04:00:00,679980,
221.625,225.48,221.52,222.38,36615398.0,223.0951,2024-09-05 04:00:00,588073,
223.95,225.24,219.77,220.82,48423011.0,221.6372,2024-09-06 04:00:00,663965,
220.82,221.27,216.71,220.91,67179965.0,219.3818,2024-09-09 04:00:00,945464,
218.92,221.48,216.73,220.11,51591033.0,219.5811,2024-09-10 04:00:00,684935,
221.455,223.09,217.89,222.66,44587072.0,221.236,2024-09-11 04:00:00,609494,
222.5,223.55,219.82,222.77,37498225.0,222.3956,2024-09-12 04:00:00,556917,
223.58,224.04,221.91,222.5,36766619.0,222.9215,2024-09-13 04:00:00,541883,
216.54,217.22,213.92,216.32,59357427.0,215.9366,2024-09-16 04:00:00,870760,
215.75,216.9,214.5,216.79,45519339.0,216.194,2024-09-17 04:00:00,651444,
217.55,222.71,217.54,220.69,59894928.0,220.4476,2024-09-18 04:00:00,833014,
224.99,229.82,224.63,228.87,66781315.0,228.3978,2024-09-19 04:00:00,808546,
229.97,233.09,227.62,228.2,318679888.0,228.9222,2024-09-20 04:00:00,971914,
227.34,229.45,225.81,226.47,54146023.0,227.0245,2024-09-23 04:00:00,693312,
228.645,229.35,225.73,227.37,43556068.0,227.2501,2024-09-24 04:00:00,519573,
224.93,227.29,224.02,226.37,42308715.0,225.8624,2024-09-25 04:00:00,564630,
227.3,228.5,225.41,227.52,36636707.0,227.2807,2024-09-26 04:00:00,433165,
228.46,229.52,227.3,227.79,34025967.0,228.1278,2024-09-27 04:00:00,504108,
230.04,233.0,229.65,233.0,54793391.0,232.0056,2024-09-30 04:00:00,710084,
229.52,229.65,223.74,226.21,63285048.0,225.9755,2024-10-01 04:00:00,832120,
225.89,227.37,223.02,226.78,32880605.0,226.0517,2024-10-02 04:00:00,504717,
225.14,226.805,223.32,225.67,34044158.0,225.0086,2024-10-03 04:00:00,516347,
227.9,228.0,224.13,226.8,37345098.0,225.8887,2024-10-04 04:00:00,558162,
224.5,225.69,221.33,221.69,39505354.0,223.2342,2024-10-07 04:00:00,607240,
224.3,225.98,223.25,225.77,31855693.0,225.0548,2024-10-08 04:00:00,495518,
225.23,229.75,224.83,229.54,33591091.0,228.3401,2024-10-09 04:00:00,519279,
227.78,229.5,227.17,229.04,28183544.0,228.5592,2024-10-10 04:00:00,446857,
229.3,229.41,227.34,227.55,31759188.0,228.0176,2024-10-11 04:00:00,485460,
228.7,231.73,228.6,231.3,39882085.0,230.7772,2024-10-14 04:00:00,580529,
233.61,237.49,232.37,233.85,64751367.0,234.795,2024-10-15 04:00:00,827530,
231.6,232.12,229.84,231.78,34082240.0,231.1082,2024-10-16 04:00:00,551097,
233.43,233.85,230.52,232.15,32993810.0,232.0786,2024-10-17 04:00:00,487630,
236.18,236.18,234.01,235.0,46431472.0,235.2088,2024-10-18 04:00:00,562502,
234.45,236.85,234.45,236.48,36254470.0,235.9588,2024-10-21 04:00:00,538692,
233.885,236.22,232.6,235.86,38846578.0,234.9316,2024-10-22 04:00:00,489180,
234.08,235.144,227.76,230.76,52286979.0,231.1276,2024-10-23 04:00:00,722059,
229.98,230.82,228.41,230.57,31109503.0,230.1026,2024-10-24 04:00:00,490815,
229.74,233.22,229.57,231.41,38802304.0,231.6641,2024-10-25 04:00:00,551681,
233.32,234.73,232.55,233.4,36087134.0,233.5569,2024-10-28 04:00:00,557146,
233.1,234.325,232.32,233.67,35417247.0,233.5948,2024-10-29 04:00:00,484094,
232.61,233.47,229.55,230.1,47070907.0,230.8805,2024-10-30 04:00:00,593652,
229.34,229.83,225.37,225.91,64370086.0,226.6453,2024-10-31 04:00:00,767895,
220.965,225.35,220.27,222.91,65276741.0,222.8124,2024-11-01 04:00:00,859117,
220.99,222.79,219.71,222.01,44944468.0,221.7645,2024-11-04 05:00:00,647168,
221.795,223.95,221.14,223.45,28111338.0,223.1048,2024-11-05 05:00:00,502059,
222.61,226.065,221.19,222.72,54561121.0,223.8013,2024-11-06 05:00:00,796635,
224.625,227.875,224.57,227.48,42137691.0,226.791,2024-11-07 05:00:00,623242,
227.17,228.66,226.405,226.96,38328824.0,227.2124,2024-11-08 05:00:00,541125,
225.0,225.7,221.5,224.23,42005602.0,223.4599,2024-11-11 05:00:00,555127,
224.55,225.59,223.355,224.23,40398299.0,224.3724,2024-11-12 05:00:00,462612,
224.01,226.65,222.76,225.12,48566217.0,224.9226,2024-11-13 05:00:00,467219,
225.02,228.87,225.0,228.22,44923941.0,227.4472,2024-11-14 05:00:00,492068,
226.4,226.92,224.27,225.0,47923696.0,225.0925,2024-11-15 05:00:00,451319,
225.25,229.74,225.17,228.02,44686020.0,228.083,2024-11-18 05:00:00,437779,
226.98,230.16,226.66,228.28,36211774.0,228.6648,2024-11-19 05:00:00,365242,
228.06,229.93,225.89,229.0,35169566.0,228.08,2024-11-20 05:00:00,358455,
228.88,230.155,225.7103,228.52,42108327.0,228.4689,2024-11-21 05:00:00,431685,
228.06,230.7199,228.06,229.87,38168252.0,229.6877,2024-11-22 05:00:00,380624,
231.46,233.245,229.74,232.87,90152832.0,232.3502,2024-11-25 05:00:00,510698,
233.33,235.57,233.33,235.06,45986189.0,234.7502,2024-11-26 05:00:00,450015,
234.465,235.69,233.8101,234.93,33498439.0,234.7968,2024-11-27 05:00:00,339860,
234.805,237.81,233.97,237.33,28481377.0,236.6232,2024-11-29 05:00:00,268955,
237.27,240.79,237.16,239.59,48137103.0,239.4992,2024-12-02 05:00:00,469685,
239.81,242.76,238.9,242.65,38861017.0,241.644,2024-12-03 05:00:00,419384,
242.87,244.11,241.25,243.01,44383935.0,242.918,2024-12-04 05:00:00,406663,
243.99,244.54,242.13,243.04,40033878.0,243.0077,2024-12-05 05:00:00,401262,
242.905,244.63,242.08,242.84,36870619.0,243.187,2024-12-06 05:00:00,366549,
241.83,247.24,241.75,246.75,44649232.0,246.0624,2024-12-09 05:00:00,500769,
246.89,248.21,245.34,247.77,36914806.0,247.2778,2024-12-10 05:00:00,423350,
247.96,250.8,246.2601,246.49,45205814.0,248.069,2024-12-11 05:00:00,455625,
246.89,248.74,245.68,247.96,32777532.0,247.7433,2024-12-12 05:00:00,353012,
247.815,249.2902,246.24,248.13,33155290.0,247.7583,2024-12-13 05:00:00,349810,
247.99,251.38,247.65,251.04,51694753.0,250.4623,2024-12-16 05:00:00,448224,
250.08,253.83,249.78,253.48,51356360.0,252.982,2024-12-17 05:00:00,487662,
252.16,254.28,247.74,248.05,56774101.0,250.5314,2024-12-18 05:00:00,564347,
247.5,252.0,247.0949,249.79,60882264.0,249.8394,2024-12-19 05:00:00,532896,
248.04,255.0,245.69,254.49,147495267.0,253.1916,2024-12-20 05:00:00,551019,
254.77,255.65,253.45,255.27,40858774.0,254.7699,2024-12-23 05:00:00,422563,
255.49,258.21,255.29,258.2,23234705.0,257.4634,2024-12-24 05:00:00,245932,
258.19,260.1,257.63,259.02,27262983.0,258.9315,2024-12-26 05:00:00,362325,
257.83,258.7,253.06,255.59,42355321.0,255.2418,2024-12-27 05:00:00,474899,
252.23,253.5,250.75,252.2,35557542.0,252.2669,2024-12-30 05:00:00,421634,
252.44,253.28,249.43,250.42,39480718.0,250.6934,2024-12-31 05:00:00,361255,
248.93,249.1,241.8201,243.85,55740731.0,244.3303,2025-01-02 05:00:00,685448,
243.36,244.18,241.89,243.36,40244114.0,243.0805,2025-01-03 05:00:00,493786,
244.31,247.33,243.2,245.0,45045571.0,245.1726,2025-01-06 05:00:00,493920,
242.98,245.55,241.35,242.21,40855960.0,242.9459,2025-01-07 05:00:00,462887,
241.92,243.7123,240.05,242.7,37628940.0,242.2995,2025-01-08 05:00:00,406916,
240.01,240.16,233.0,236.85,61710856.0,236.6061,2025-01-10 05:00:00,685976,
233.53,234.67,229.72,234.4,49630725.0,232.7529,2025-01-13 05:00:00,561231,
234.75,236.12,232.472,233.28,39435294.0,233.8731,2025-01-14 05:00:00,436333,
234.635,238.96,234.43,237.87,39831969.0,237.58,2025-01-15 05:00:00,418804,
237.35,238.01,228.03,228.26,71759052.0,230.4965,2025-01-16 05:00:00,786112,
232.115,232.29,228.48,229.98,68488301.0,230.4569,2025-01-17 05:00:00,579302,
224.0,224.42,219.38,222.64,98070429.0,221.6956,2025-01-21 05:00:00,1220197,
219.79,224.12,219.79,223.83,64126500.0,222.8221,2025-01-22 05:00:00,683037,
224.74,227.03,222.3,223.66,60234760.0,224.1093,2025-01-23 05:00:00,619806,
224.78,225.63,221.41,222.78,54697907.0,223.1447,2025-01-24 05:00:00,579473,
224.02,232.15,223.98,229.86,94863418.0,228.8379,2025-01-27 05:00:00,1008209,
230.85,240.19,230.81,238.26,75707569.0,237.4845,2025-01-28 05:00:00,788818,
234.12,239.855,234.01,239.36,45486100.0,237.4856,2025-01-29 05:00:00,515214,
238.665,240.79,237.21,237.59,55658279.0,238.9601,2025-01-30 05:00:00,636380,
247.19,247.19,233.44,236.0,101075128.0,238.5565,2025-01-31 05:00:00,936710,
229.99,231.83,225.7,228.01,73063301.0,228.3039,2025-02-03 05:00:00,851664,
227.25,233.13,226.65,232.8,45067301.0,231.2105,2025-02-04 05:00:00,497328,
228.53,232.67,228.27,232.47,39664989.0,230.8247,2025-02-05 05:00:00,445631,
231.285,233.8,230.425,233.22,29925349.0,232.404,2025-02-06 05:00:00,375401,
232.6,234.0,227.26,227.63,39707224.0,229.1297,2025-02-07 05:00:00,488184,
229.57,230.585,227.2,227.65,33115645.0,228.4505,2025-02-10 05:00:00,398259,
228.2,235.23,228.13,232.62,53718362.0,232.4502,2025-02-11 05:00:00,552127,
231.2,236.96,230.68,236.87,45243292.0,235.0413,2025-02-12 05:00:00,486475,
236.91,242.3399,235.57,241.53,53614054.0,240.3233,2025-02-13 05:00:00,531132,
241.25,245.55,240.99,244.6,40896227.0,244.0539,2025-02-14 05:00:00,481732,
244.15,245.18,241.84,244.47,48822491.0,244.1423,2025-02-18 05:00:00,486720,
244.66,246.01,243.1604,244.87,32204215.0,244.6863,2025-02-19 05:00:00,383453,
244.94,246.78,244.29,245.83,32316907.0,245.6383,2025-02-20 05:00:00,405771,
245.95,248.69,245.22,245.55,53197431.0,246.3756,2025-02-21 05:00:00,508398,
244.925,248.86,244.42,247.1,51326396.0,247.2414,2025-02-24 05:00:00,593130,
248.0,250.0,244.91,247.04,48013272.0,247.4765,2025-02-25 05:00:00,574045,
244.33,244.98,239.13,240.36,44433564.0,241.6568,2025-02-26 05:00:00,557242,
239.41,242.46,237.06,237.3,41153639.0,239.4953,2025-02-27 05:00:00,503479,
236.95,242.09,230.2,241.84,56833360.0,239.5113,2025-02-28 05:00:00,572585,
241.79,244.0272,236.112,238.03,47183985.0,239.9029,2025-03-03 05:00:00,557039,
237.705,240.07,234.68,235.93,53798062.0,237.5186,2025-03-04 05:00:00,685400,
235.42,236.55,229.23,235.74,47227643.0,234.0871,2025-03-05 05:00:00,558645,
234.435,237.86,233.1581,235.33,45170419.0,235.2933,2025-03-06 05:00:00,551790,
235.105,241.37,234.76,239.07,46273565.0,238.9038,2025-03-07 05:00:00,581196,
235.54,236.16,224.22,227.48,72071197.0,227.6311,2025-03-10 04:00:00,1152721,
223.805,225.8399,217.45,220.84,76137410.0,221.1802,2025-03-11 04:00:00,899698,
220.14,221.75,214.91,216.98,62547467.0,217.6087,2025-03-12 04:00:00,792931,
215.95,216.8394,208.42,209.68,61368330.0,212.0158,2025-03-13 04:00:00,768934,
211.25,213.95,209.58,213.49,60107582.0,212.4529,2025-03-14 04:00:00,668917,
213.31,215.22,209.97,214.0,48073426.0,213.2536,2025-03-17 04:00:00,577436,
214.16,215.15,211.49,212.69,42432426.0,213.0584,2025-03-18 04:00:00,493004,
214.22,218.76,213.75,215.24,54385391.0,215.5599,2025-03-19 04:00:00,524678,
213.99,217.4899,212.22,214.1,48862947.0,214.3888,2025-03-20 04:00:00,499769,
211.56,218.84,211.28,218.27,94127768.0,215.9206,2025-03-21 04:00:00,496948,
221.0,221.48,218.58,220.73,44299483.0,220.0734,2025-03-24 04:00:00,495018,
220.77,224.1,220.08,223.75,34493583.0,223.1154,2025-03-25 04:00:00,407132,
223.51,225.02,220.47,221.53,34532656.0,222.5222,2025-03-26 04:00:00,440452,
221.39,224.99,220.5601,223.85,37094774.0,223.3729,2025-03-27 04:00:00,387119,
221.67,223.81,217.68,217.9,39818617.0,219.3577,2025-03-28 04:00:00,485185,
217.005,225.62,216.23,222.13,65299321.0,220.6567,2025-03-31 04:00:00,646564,
219.805,223.68,218.9,223.19,36412740.0,222.3361,2025-04-01 04:00:00,594670,
221.315,225.19,221.02,223.89,35905904.0,222.4314,2025-04-02 04:00:00,473114,
205.54,207.49,201.25,203.19,103419006.0,204.1959,2025-04-03 04:00:00,1366640,
193.89,199.88,187.34,188.38,125910913.0,192.5546,2025-04-04 04:00:00,1716140,
177.2,194.15,174.62,181.46,160466286.0,180.5634,2025-04-07 04:00:00,2117015,
186.7,190.335,169.2101,172.42,120859491.0,179.0733,2025-04-08 04:00:00,1671528,
171.95,200.61,171.89,198.85,184395885.0,187.9539,2025-04-09 04:00:00,2212959,
189.065,194.7799,183.0,190.42,121879981.0,189.982,2025-04-10 04:00:00,1500041,
186.1,199.54,186.06,198.15,87435915.0,195.623,2025-04-11 04:00:00,1073191,
211.44,212.94,201.1621,202.52,101352911.0,205.5914,2025-04-14 04:00:00,1272714,
201.855,203.51,199.8,202.14,51343872.0,202.1396,2025-04-15 04:00:00,595846,
198.36,200.7,192.37,194.27,59732423.0,195.8892,2025-04-16 04:00:00,744249,
197.2,198.8335,194.42,196.98,52164675.0,196.8888,2025-04-17 04:00:00,537919,
193.265,193.8,189.8112,193.16,46742537.0,192.0767,2025-04-21 04:00:00,576340,
196.12,201.59,195.97,199.74,52976371.0,199.2937,2025-04-22 04:00:00,608790,
206.0,208.0,202.799,204.6,52929165.0,205.3603,2025-04-23 04:00:00,664354,
204.89,208.8299,202.94,208.37,47310989.0,207.0889,2025-04-24 04:00:00,490831,
206.365,209.75,206.2,209.28,38222258.0,208.3682,2025-04-25 04:00:00,469917,
210.0,211.5,207.46,210.14,38743074.0,209.6745,2025-04-28 04:00:00,436969,
208.693,212.24,208.37,211.21,36827633.0,210.9585,2025-04-29 04:00:00,403524,
209.3,213.58,206.6705,212.5,52286454.0,211.3283,2025-04-30 04:00:00,501667,
209.08,214.56,208.9,213.32,57365675.0,211.8686,2025-05-01 04:00:00,712566,
206.09,206.99,202.16,205.35,101010621.0,204.9131,2025-05-02 04:00:00,1100613,
203.1,204.1,198.21,198.89,69018452.0,199.7435,2025-05-05 04:00:00,770697,
198.21,200.65,197.02,198.51,51216482.0,198.8453,2025-05-06 04:00:00,529849,
199.17,199.44,193.25,196.25,68616943.0,195.9883,2025-05-07 04:00:00,753075,
197.72,200.05,194.6796,197.49,50478872.0,197.7519,2025-05-08 04:00:00,599001,
199.0,200.5399,197.535,198.53,36453923.0,198.6614,2025-05-09 04:00:00,423067,
210.97,211.2679,206.75,210.79,63775814.0,209.7114,2025-05-12 04:00:00,806841,
210.43,213.4,209.0,212.93,51909332.0,211.8003,2025-05-13 04:00:00,608884,
212.43,213.94,210.5801,212.33,49325825.0,212.2847,2025-05-14 04:00:00,596267,
210.95,212.96,209.54,211.45,45029473.0,211.308,2025-05-15 04:00:00,550863,
212.36,212.57,209.77,211.26,54737850.0,211.25,2025-05-16 04:00:00,512788,
207.91,209.48,204.26,208.78,46140527.0,207.6892,2025-05-19 04:00:00,617742,
207.67,208.47,205.03,206.86,42496635.0,207.0811,2025-05-20 04:00:00,511393,
205.17,207.04,200.71,202.09,59211774.0,203.4576,2025-05-21 04:00:00,783994,
200.71,202.75,199.7,201.36,46742407.0,201.4092,2025-05-22 04:00:00,615608,
193.665,197.7,193.46,195.27,78432918.0,195.8833,2025-05-23 04:00:00,1035410,
198.3,200.74,197.43,200.21,56288475.0,199.4808,2025-05-27 04:00:00,710445,
200.59,202.73,199.9,200.42,45339678.0,200.9086,2025-05-28 04:00:00,549615,
203.575,203.81,198.51,199.95,51477938.0,200.5388,2025-05-29 04:00:00,652509,
199.37,201.96,196.78,200.85,70819942.0,199.9641,2025-05-30 04:00:00,605924,
200.28,202.13,200.12,201.7,35423294.0,201.2063,2025-06-02 04:00:00,501431,
201.35,203.77,200.955,203.27,46381567.0,202.8132,2025-06-03 04:00:00,519820,
202.91,206.24,202.1,202.82,43603985.0,203.6276,2025-06-04 04:00:00,568214,
203.5,204.75,200.15,200.63,55221235.0,201.838,2025-06-05 04:00:00,637645,
203.0,205.7,202.05,203.92,46607693.0,204.0682,2025-06-06 04:00:00,556357,
204.39,206.0,200.02,201.45,72862557.0,202.5405,2025-06-09 04:00:00,860118,
200.6,204.35,200.57,202.67,54672608.0,202.5339,2025-06-10 04:00:00,611323,
203.5,204.5,198.41,198.78,60989857.0,200.4652,2025-06-11 04:00:00,770310,
199.08,199.68,197.3601,199.2,43904635.0,198.7007,2025-06-12 04:00:00,541843,
199.73,200.37,195.7,196.45,51447349.0,197.0361,2025-06-13 04:00:00,716210,
197.3,198.685,196.5636,198.42,43020691.0,197.8895,2025-06-16 04:00:00,568354,
197.2,198.39,195.21,195.64,38856152.0,196.4948,2025-06-17 04:00:00,522902,
195.94,197.57,195.07,196.58,45394689.0,196.4448,2025-06-18 04:00:00,520881,
198.235,201.7,196.855,201.0,96813542.0,199.8096,2025-06-20 04:00:00,680915,
201.625,202.3,198.96,201.5,55814272.0,201.1824,2025-06-23 04:00:00,618980,
202.59,203.44,200.2,200.3,54064033.0,201.4391,2025-06-24 04:00:00,666917,
201.45,203.67,200.6201,201.56,39525730.0,201.7923,2025-06-25 04:00:00,514978,
201.43,202.64,199.46,201.0,50799121.0,200.6328,2025-06-26 04:00:00,622887,
201.89,203.22,200.0,201.08,73188571.0,201.4224,2025-06-27 04:00:00,596078,
202.01,207.39,199.2607,205.17,91912816.0,203.3565,2025-06-30 04:00:00,914593,
206.665,210.1865,206.1401,207.82,78788867.0,208.176,2025-07-01 04:00:00,970491,
208.91,213.34,208.14,212.44,67941811.0,211.7489,2025-07-02 04:00:00,798402,
212.145,214.65,211.8101,213.55,34955836.0,213.5582,2025-07-03 04:00:00,432780,
212.68,216.23,208.8,209.95,50228984.0,211.1605,2025-07-07 04:00:00,670324,
210.1,211.43,208.45,210.01,42848928.0,209.9116,2025-07-08 04:00:00,512140,
209.53,211.33,207.22,211.14,48749367.0,209.5626,2025-07-09 04:00:00,590796,
210.505,213.48,210.03,212.41,44443635.0,212.2489,2025-07-10 04:00:00,545131,
210.565,212.13,209.86,211.16,39765812.0,211.0285,2025-07-11 04:00:00,431665,
209.925,210.91,207.54,208.62,38840111.0,208.7627,2025-07-14 04:00:00,525534,
209.22,211.89,208.92,209.11,42296339.0,210.0604,2025-07-15 04:00:00,526311,
210.295,212.4,208.64,210.16,47490532.0,210.3633,2025-07-16 04:00:00,535850,
210.57,211.8,209.59,210.02,48068141.0,210.5606,2025-07-17 04:00:00,574972,
210.87,211.79,209.7045,211.18,48974591.0,210.8567,2025-07-18 04:00:00,478858,
212.1,215.78,211.63,212.48,51377434.0,213.3495,2025-07-21 04:00:00,651657,
213.14,214.95,212.2301,214.4,46404072.0,213.6492,2025-07-22 04:00:00,549182,
215.0,215.15,212.41,214.15,46989301.0,213.7982,2025-07-23 04:00:00,497904,
213.9,215.69,213.53,213.76,46022620.0,214.3924,2025-07-24 04:00:00,505013,
214.7,215.24,213.4,213.88,40268781.0,214.1284,2025-07-25 04:00:00,409972,
214.03,214.845,213.06,214.05,37858017.0,214.04,2025-07-28 04:00:00,425354,
214.175,214.81,210.82,211.27,51411723.0,212.1244,2025-07-29 04:00:00,537963,
211.895,212.39,207.72,209.05,45512514.0,209.5067,2025-07-30 04:00:00,542351,
208.49,209.84,207.16,207.57,80698431.0,208.9948,2025-07-31 04:00:00,827514,
210.865,213.58,201.5,202.38,104434473.0,204.507,2025-08-01 04:00:00,1201399,
204.505,207.88,201.675,203.35,75109298.0,204.2151,2025-08-04 04:00:00,785189,
203.4,205.34,202.16,202.92,44155079.0,203.548,2025-08-05 04:00:00,491748,
205.63,215.38,205.59,213.25,108483103.0,212.8573,2025-08-06 04:00:00,1104103,
218.875,220.85,216.58,220.03,90224834.0,219.3267,2025-08-07 04:00:00,1007838,
220.83,231.0,219.25,229.35,113853967.0,227.3071,2025-08-08 04:00:00,1135405,
227.92,229.56,224.76,227.18,61806132.0,227.323,2025-08-11 04:00:00,692122,
228.005,230.8,227.07,229.65,55672301.0,229.3355,2025-08-12 04:00:00,561508,
231.07,235.0,230.43,233.33,69878546.0,232.7762,2025-08-13 04:00:00,740719,
234.055,235.12,230.85,232.78,51916275.0,232.7455,2025-08-14 04:00:00,558697,
234.0,234.28,229.335,231.59,56038657.0,231.5464,2025-08-15 04:00:00,503028,
231.7,233.12,230.11,230.89,37476188.0,231.1904,2025-08-18 04:00:00,430736,
231.275,232.87,229.35,230.56,39402564.0,230.8466,2025-08-19 04:00:00,445624,
229.98,230.47,225.77,226.01,42263865.0,226.7667,2025-08-20 04:00:00,527559,
226.27,226.52,223.7804,224.9,30621249.0,224.9952,2025-08-21 04:00:00,406761,
226.17,229.09,225.41,227.76,42477811.0,227.764,2025-08-22 04:00:00,488076,
226.48,229.3,226.23,227.16,30983133.0,227.9958,2025-08-25 04:00:00,426385,
226.87,229.49,224.69,229.31,54575107.0,228.1997,2025-08-26 04:00:00,405233,
228.61,230.9,228.26,230.49,31259513.0,230.023,2025-08-27 04:00:00,387841,
230.82,233.41,229.335,232.56,38074700.0,232.0548,2025-08-28 04:00:00,423338,
232.51,233.38,231.37,232.14,39418437.0,232.321,2025-08-29 04:00:00,428938,
229.25,230.85,226.97,229.72,44075638.0,229.9932,2025-09-02 04:00:00,598029,
237.21,238.85,234.36,238.47,66427835.0,237.0292,2025-09-03 04:00:00,898535,
238.45,239.8999,236.74,239.78,47549429.0,238.5031,2025-09-04 04:00:00,541770,
239.995,241.32,238.4901,239.69,54870397.0,239.6771,2025-09-05 04:00:00,610786,
239.3,240.15,236.34,237.88,48999495.0,238.2065,2025-09-08 04:00:00,563611,
237.0,238.7805,233.36,234.35,66313918.0,235.5793,2025-09-09 04:00:00,757845,
232.185,232.42,225.95,226.79,83440810.0,227.7892,2025-09-10 04:00:00,1031749,
226.875,230.45,226.65,230.03,50208578.0,229.1184,2025-09-11 04:00:00,592895,
229.22,234.51,229.02,234.07,55824216.0,233.1344,2025-09-12 04:00:00,602121,
237.0,238.19,235.03,236.7,42699524.0,236.3383,2025-09-15 04:00:00,575938,
237.175,241.22,236.3235,238.15,63421099.0,238.8414,2025-09-16 04:00:00,679032,
238.97,240.1,237.7301,238.99,46508017.0,239.2054,2025-09-17 04:00:00,509297,
239.97,241.2,236.65,237.88,44249576.0,238.0573,2025-09-18 04:00:00,517293,
241.225,246.3,240.2106,245.5,163741314.0,244.4678,2025-09-19 04:00:00,908635,
248.3,256.64,248.12,256.08,105517416.0,253.7951,2025-09-22 04:00:00,1183543,
255.875,257.34,253.58,254.43,60275187.0,255.1677,2025-09-23 04:00:00,673983,
255.22,255.74,251.04,252.31,42303710.0,252.2784,2025-09-24 04:00:00,491242,
253.205,257.17,251.712,256.87,55202075.0,254.8219,2025-09-25 04:00:00,625867,
254.095,257.6,253.78,255.46,46076258.0,255.458,2025-09-26 04:00:00,550704,
254.56,255.0,253.01,254.43,40127687.0,254.0231,2025-09-29 04:00:00,489835,
254.855,255.919,253.11,254.63,37704259.0,254.539,2025-09-30 04:00:00,439294,
255.04,258.79,254.93,255.45,48713940.0,256.004,2025-10-01 04:00:00,535581,
256.575,258.18,254.15,257.13,42630239.0,256.855,2025-10-02 04:00:00,485229,
254.665,259.24,253.95,258.02,49155614.0,257.8596,2025-10-03 04:00:00,706052,
257.99,259.07,255.05,256.69,44664118.0,256.8692,2025-10-06 04:00:00,649161,
256.805,257.4,255.43,256.48,31955776.0,256.4092,2025-10-07 04:00:00,511382,
256.52,258.52,256.11,258.06,36496895.0,257.8119,2025-10-08 04:00:00,395556,
257.805,258.0,253.14,254.04,38322012.0,254.5102,2025-10-09 04:00:00,536585,
254.94,256.38,244.0,245.27,61999098.0,248.3661,2025-10-10 04:00:00,908253,
249.38,249.69,245.56,247.66,38142942.0,247.9036,2025-10-13 04:00:00,614923,
246.6,248.845,244.7,247.77,35477986.0,247.3488,2025-10-14 04:00:00,533528,
249.485,251.82,247.47,249.34,33893611.0,249.5813,2025-10-15 04:00:00,528880,
248.25,249.04,245.13,247.45,39776974.0,247.354,2025-10-16 04:00:00,616258,
248.02,253.38,247.27,252.29,49146961.0,250.7598,2025-10-17 04:00:00,634830,
255.885,264.375,255.63,262.24,90483029.0,261.7003,2025-10-20 04:00:00,1160822,
261.88,265.29,261.83,262.77,46695948.0,263.4176,2025-10-21 04:00:00,714946,
262.65,262.85,255.43,258.45,45015254.0,258.6829,2025-10-22 04:00:00,687144,
259.94,260.62,258.0101,259.58,32754941.0,259.577,2025-10-23 04:00:00,482460,
261.19,264.13,259.18,262.82,38253717.0,262.539,2025-10-24 04:00:00,599534,
264.88,269.12,264.6501,268.81,44888152.0,267.0053,2025-10-27 04:00:00,661982,
268.985,269.89,268.15,269.0,41534759.0,268.9865,2025-10-28 04:00:00,585461,
269.275,271.41,267.11,269.7,51086742.0,269.5125,2025-10-29 04:00:00,687375,
271.99,274.14,268.48,271.4,69886534.0,272.2528,2025-10-30 04:00:00,984735,
276.99,277.32,269.16,270.37,86167123.0,271.3276,2025-10-31 04:00:00,1013846,
270.42,270.85,266.25,269.05,50194583.0,268.2996,2025-11-03 05:00:00,731851,
268.325,271.486,267.615,270.04,49274846.0,269.7485,2025-11-04 05:00:00,713303,
268.61,271.7,266.93,270.14,43683072.0,269.8162,2025-11-05 05:00:00,588621,
267.89,273.4,267.89,269.77,51204045.0,270.7137,2025-11-06 05:00:00,718679,
269.795,272.29,266.77,268.47,48227365.0,269.0051,2025-11-07 05:00:00,754451,
268.96,273.73,267.455,269.43,41312412.0,270.0586,2025-11-10 05:00:00,675207,
269.81,275.91,269.8,275.25,46208318.0,274.0647,2025-11-11 05:00:00,702875,
275.0,275.73,271.7,273.47,48397982.0,273.8707,2025-11-12 05:00:00,591930,
274.11,276.699,272.09,272.95,49602794.0,273.3661,2025-11-13 05:00:00,684410,
271.05,275.96,269.6,272.41,47431331.0,273.1083,2025-11-14 05:00:00,705592,
268.815,270.49,265.73,267.46,45018260.0,267.9841,2025-11-17 05:00:00,705791,
269.99,270.71,265.32,267.44,45677278.0,267.725,2025-11-18 05:00:00,706583,
265.525,272.21,265.5,268.56,40424492.0,269.3251,2025-11-19 05:00:00,626377,
270.83,275.43,265.92,266.25,45823568.0,269.4695,2025-11-20 05:00:00,756494,
265.95,273.33,265.67,271.49,59030832.0,270.5152,2025-11-21 05:00:00,794102,
270.9,277.0,270.9,275.92,65585796.0,275.314,2025-11-24 05:00:00,755844,
275.27,280.38,275.25,276.97,46914220.0,277.9967,2025-11-25 05:00:00,667295,
276.96,279.53,276.63,277.55,33431423.0,278.0466,2025-11-26 05:00:00,538937,
277.26,279.0,275.9865,278.85,20135620.0,277.6285,2025-11-28 05:00:00,369623,
278.01,283.42,276.14,283.1,46587722.0,281.0702,2025-12-01 05:00:00,644276,
283.0,287.4,282.6301,286.19,53669532.0,285.5944,2025-12-02 05:00:00,682387,
286.2,288.62,283.3,284.15,43538687.0,285.5333,2025-12-03 05:00:00,626171,
284.095,284.73,278.59,280.7,43989056.0,280.7562,2025-12-04 05:00:00,622885,
280.54,281.14,278.05,278.78,47265845.0,279.156,2025-12-05 05:00:00,551753,
278.13,279.6693,276.15,277.89,38211832.0,277.5381,2025-12-08 05:00:00,604852,
278.16,280.03,276.92,277.18,32193256.0,277.8194,2025-12-09 05:00:00,509389,
277.75,279.75,276.44,278.78,33038318.0,278.4798,2025-12-10 05:00:00,517045,
279.095,279.59,273.81,278.03,33247986.0,277.1757,2025-12-11 05:00:00,578987,
277.9,279.22,276.82,278.28,39532887.0,278.2466,2025-12-12 05:00:00,597250,
280.15,280.15,272.84,274.11,50409078.0,274.5069,2025-12-15 05:00:00,723431,
272.82,275.5,271.79,274.61,37648628.0,273.8761,2025-12-16 05:00:00,569202,
275.01,276.16,271.64,271.84,50138743.0,272.9914,2025-12-17 05:00:00,624189,
273.605,273.63,266.95,272.19,51630721.0,271.3364,2025-12-18 05:00:00,658922,
272.145,274.6,269.9,273.67,144632048.0,272.8448,2025-12-19 05:00:00,690849,
272.86,273.88,270.505,270.97,36571827.0,271.577,2025-12-22 05:00:00,613487,
270.84,272.5,269.56,272.36,29641999.0,271.7749,2025-12-23 05:00:00,494061,
272.34,275.43,272.195,273.81,17910574.0,274.205,2025-12-24 05:00:00,344039,
274.16,275.37,272.86,273.4,21521802.0,274.1259,2025-12-26 05:00:00,427277,
272.69,274.36,272.35,273.76,23715213.0,273.6174,2025-12-29 05:00:00,478414,
272.81,274.08,272.28,273.08,22139617.0,273.0453,2025-12-30 05:00:00,431190,
273.06,273.68,271.75,271.86,27293639.0,272.2995,2025-12-31 05:00:00,421948,
272.255,277.84,269.0,271.01,37838054.0,271.9197,2026-01-02 05:00:00,642187,
270.64,271.51,266.14,267.26,45647190.0,267.9755,2026-01-05 05:00:00,754339,
267.0,267.55,262.12,262.36,52352090.0,263.1381,2026-01-06 05:00:00,783173,
263.2,263.68,259.81,260.33,48309804.0,261.4392,2026-01-07 05:00:00,732706,
257.02,259.29,255.7,259.04,50419337.0,257.4496,2026-01-08 05:00:00,764090,
259.075,260.21,256.22,259.37,39996967.0,258.6804,2026-01-09 05:00:00,649745,
259.16,261.3,256.8,260.25,45263767.0,260.0061,2026-01-12 05:00:00,664531,
258.72,261.81,258.39,261.05,45601262.0,260.3489,2026-01-13 05:00:00,599894,
259.49,261.82,256.71,259.96,39934470.0,259.2345,2026-01-14 05:00:00,611582,
